id	first_name	last_name	email	password	Annual Gross Income
1	Ardisj	Rosekilly	arosekilly0@census.gov	AzFVuMv8	220136
2	Wain	Tease	wtease1@nps.gov	F9kGvfb8Y	157476
3	Annabelle	Bellin	abellin2@baidu.com	97F71VXQgW9A	110544
4	Victoir	Coraini	vcoraini3@va.gov	5sOlDKN8yf	39951
5	Eveline	Newlove	enewlove4@time.com	KaPWyk	269535
6	Randa	Coltart	rcoltart5@biglobe.ne.jp	gJA5wkAs4gR8	292091
7	Tiena	Trembley	ttrembley6@spotify.com	ws66tMe	233588
8	Annabel	Wooster	awooster7@cnbc.com	ptDPOIgenfNU	277529
9	Cassandre	Christoffersen	cchristoffersen8@fastcompany.com	uEAUD8bW1hj	122499
10	Geoffry	Oswald	goswald9@jimdo.com	8WAZISHl	228938
11	Marrilee	Skirven	mskirvena@parallels.com	iTi8nUC	152522
12	Archambault	Owtram	aowtramb@blogspot.com	oSxA96VhS	121350
13	Mabelle	Mehew	mmehewc@bravesites.com	WHqxdBRTW82	284231
14	Rusty	Thurley	rthurleyd@drupal.org	91iJsq7trb	71887
15	Roosevelt	Bahl	rbahle@bing.com	HaygVcGP	241050
16	Amelia	Von Welden	avonweldenf@nydailynews.com	gmjehIPXrr	122658
17	Ingeborg	Lavender	ilavenderg@nationalgeographic.com	GTAHEz	232572
18	Umeko	Matisse	umatisseh@usa.gov	ZDfFs6IM2UrA	284729
19	Gay	McGhee	gmcgheei@huffingtonpost.com	9JeFMk	204808
20	Harald	Pyrah	hpyrahj@biblegateway.com	Fg36VxHF	226442
21	Luz	Rundle	lrundlek@slideshare.net	Aquc9gtIYN	266810
22	Fowler	Rain	frainl@live.com	wMIWTEJ9t	176810
23	Carver	Banaszkiewicz	cbanaszkiewiczm@webs.com	1SZJ5jvgm	168839
24	Dulcie	Treweke	dtreweken@godaddy.com	44jYOhRZ	116511
25	Nina	Hansel	nhanselo@cornell.edu	7CAO7pWE	271763
26	Tailor	Mooring	tmooringp@ftc.gov	PrPMZ69FycV	187312
27	Kahlil	Walczak	kwalczakq@aboutads.info	6LJ04SLHAbqr	169864
28	Rhiamon	Greene	rgreener@phpbb.com	4fDkg4	76512
29	Nil	Lathan	nlathans@usa.gov	Y8uoduaYpLbX	38684
30	Jessalin	Rawlinson	jrawlinsont@admin.ch	laYBt0XUk3j2	160172
31	Dougy	Statham	dstathamu@photobucket.com	BVtJun2i6	120951
32	Hildy	Ciccotto	hciccottov@naver.com	x3weiCA	30507
33	Drusi	Sahlstrom	dsahlstromw@un.org	4dPY21g4QrWV	83432
34	Selinda	Armour	sarmourx@amazon.com	WdplmYL	29718
35	Joscelin	Marsden	jmarsdeny@wordpress.org	sqMPWQaanN7p	273293
36	Kimmy	Volleth	kvollethz@qq.com	YqwTjpG	137162
37	Franni	Margerison	fmargerison10@theguardian.com	lq3HLAyAcx	182368
38	Ringo	Asquith	rasquith11@naver.com	kEDWw3hDbCOE	44065
39	Tobe	Juggins	tjuggins12@chron.com	uXc3oHzBkSU3	232736
40	Janot	Ludlam	jludlam13@cdbaby.com	HZXyYuSQzEU	54928
41	Lura	Llywarch	lllywarch14@hud.gov	FmEphhE	243474
42	Hanni	Featherstone	hfeatherstone15@indiatimes.com	b21WmWVrWD3	54522
43	Janeva	Boscher	jboscher16@usda.gov	In7P7nc7O4M0	262809
44	Wakefield	Linne	wlinne17@istockphoto.com	zDX4NvG	243514
45	Cassaundra	Rendall	crendall18@boston.com	Wf2kTBjBgB	230380
46	Creight	Whenham	cwhenham19@vistaprint.com	c5MQFbxHXjG	52701
47	Shelia	Attkins	sattkins1a@clickbank.net	gN1xCh4GBlxp	83297
48	Nikolai	Sattin	nsattin1b@ezinearticles.com	CnitbMVcOBK	111161
49	Nara	Aronstein	naronstein1c@house.gov	8ZBdY4Gl	289285
50	Anson	Greves	agreves1d@skyrock.com	C7Nj9veA7I	175663
51	Cristy	Rickeard	crickeard1e@vinaora.com	CoTF0OxtFx	224761
52	Scottie	Carletto	scarletto1f@hubpages.com	0MYruN	156842
53	Denny	Mercer	dmercer1g@mlb.com	IGCuNPkAyF	254038
54	Alta	Attree	aattree1h@weibo.com	k4jnMS	29753
55	Carolynn	Groom	cgroom1i@xrea.com	7cJnDNugEvep	177078
56	Pippo	Penwright	ppenwright1j@miibeian.gov.cn	f2HCcQ	172821
57	Stevana	Izzard	sizzard1k@de.vu	R2vfyL	75179
58	Stanford	Fritzer	sfritzer1l@oakley.com	UBfjGnSoa5y	222231
59	Jacinthe	Ramble	jramble1m@msn.com	pH8DvlkDx	87640
60	Kaleena	Nazer	knazer1n@ihg.com	AU4gs9F	172952
61	Elisa	O'Fallon	eofallon1o@wikispaces.com	kjxflceQuaQu	116191
62	Biddie	Doerling	bdoerling1p@webmd.com	GGtNOcS	244643
63	Sean	Levey	slevey1q@clickbank.net	8FIkGlLUt0iO	43305
64	Marge	Blare	mblare1r@chronoengine.com	jpxdHn	142237
65	Roosevelt	Roussell	rroussell1s@virginia.edu	QuN43p	238759
66	Manolo	Mettrick	mmettrick1t@vimeo.com	202l70iQfr	182414
67	Clayson	Brinklow	cbrinklow1u@ucoz.com	0uprL0pcVO8D	167995
68	Kriste	Fremantle	kfremantle1v@adobe.com	I1bsRR5sbE	176528
69	Gaspar	Neward	gneward1w@ed.gov	7ucbW6nOb	279040
70	Wandis	McVicker	wmcvicker1x@about.com	iqWNMJamXHvd	169317
71	Matt	Feuell	mfeuell1y@gnu.org	vykatyW	160460
72	Hymie	Legat	hlegat1z@mayoclinic.com	9FcZOA	296997
73	Maynard	Snedker	msnedker20@abc.net.au	iBoeTc	32264
74	Tulley	Eadmeades	teadmeades21@barnesandnoble.com	r9gYPUkuU	40845
75	Clarette	Mulvey	cmulvey22@goo.ne.jp	lKpRCkXl	105589
76	Chloe	McLachlan	cmclachlan23@blogtalkradio.com	xFKTRuZuiE	102301
77	Allin	Hanhart	ahanhart24@psu.edu	LKSXDvq8	196998
78	Roslyn	Malthus	rmalthus25@illinois.edu	KCUDJFO	136811
79	Gaby	Nockalls	gnockalls26@typepad.com	DmcKcbkFE9M	221731
80	Jimmy	MacAughtrie	jmacaughtrie27@redcross.org	baX2NoWA	247305
81	Daffie	Balasini	dbalasini28@google.pl	6aAxusByP	40831
82	Lyn	Scoble	lscoble29@ucoz.ru	P9yl1ztbmJLe	128478
83	Morey	Wieprecht	mwieprecht2a@dyndns.org	rxbOfXM	246823
84	Sollie	Carrick	scarrick2b@mail.ru	ymhV4O4drANE	291181
85	Reinwald	Whyler	rwhyler2c@ebay.co.uk	MDKeQrCeyJs	154867
86	Bibby	Ayree	bayree2d@fastcompany.com	CkUZzgq	27353
87	Hulda	McMurthy	hmcmurthy2e@rediff.com	yu8QGxNK	87611
88	Lucila	Greening	lgreening2f@theguardian.com	2hdLLiNBg5	59493
89	Noreen	Felgate	nfelgate2g@deviantart.com	KgkH2RoR7WMj	81996
90	Haley	Yedall	hyedall2h@nps.gov	ntLqI6ufFUAp	242272
91	Francine	Ive	five2i@noaa.gov	sCrvlqrcJ	188179
92	Livvie	Prestie	lprestie2j@bbc.co.uk	hqvzACdbNP	201978
93	Rani	Weerdenburg	rweerdenburg2k@whitehouse.gov	4wL8zWC	228180
94	Terrance	Gosson	tgosson2l@live.com	NR9hOx	155064
95	Leodora	Mallinder	lmallinder2m@google.pl	Qjultu	97802
96	Sephira	Bointon	sbointon2n@a8.net	2RHgFX4fP	178004
97	Henrietta	Tousey	htousey2o@vkontakte.ru	DtHdS8e	124801
98	Cynthy	Blunsum	cblunsum2p@wordpress.org	JK8Hap	59478
99	Ozzie	Renforth	orenforth2q@bloomberg.com	Iy1PEeo6	261977
100	Leigh	Badsey	lbadsey2r@infoseek.co.jp	pX5ndE3v1E	145770
101	Olly	Aitken	oaitken2s@ucsd.edu	xLhaVmVco	106416
102	Nance	Hallihane	nhallihane2t@paypal.com	lSntlwtjSzv	234579
103	Reagen	Gisburne	rgisburne2u@npr.org	QbI5nVXXWb	172130
104	Uri	Southerton	usoutherton2v@disqus.com	QbxfcLSeHRMU	142776
105	Simonne	Casewell	scasewell2w@newsvine.com	bIZKqt3	35582
106	Barrett	Seif	bseif2x@shinystat.com	SKbgzTOISU	74013
107	Elenore	Stoves	estoves2y@hugedomains.com	k4Swypa97d6	170824
108	Sigismondo	Antognozzii	santognozzii2z@hp.com	EmTz000Z	199209
109	Salvatore	Boothman	sboothman30@360.cn	p0DKYm	220982
110	Rolando	Messager	rmessager31@sina.com.cn	sR0IxYE	174790
111	Micheil	Carson	mcarson32@ox.ac.uk	qcO4UeFHX	170830
112	Dawn	Keyte	dkeyte33@geocities.com	bajSwXXuz	81826
113	Sybila	Wallman	swallman34@tumblr.com	vPY4FHia	128990
114	Charlot	Brewett	cbrewett35@walmart.com	JXXxQJq	142529
115	Addi	Whanstall	awhanstall36@shinystat.com	kvO1mY26LTIi	240042
116	Adriaens	Ruben	aruben37@tripadvisor.com	Q2tIjVHHJib	163107
117	Malva	Guiduzzi	mguiduzzi38@goo.ne.jp	5dGXJpXRoja	217970
118	Keelby	Astman	kastman39@elpais.com	cE97FvOIQ	96344
119	Saundra	Stot	sstot3a@liveinternet.ru	of8FNUwo	168008
120	Reeta	Hulks	rhulks3b@youtu.be	vk0mREuaFnZA	255243
121	Wald	Neames	wneames3c@webeden.co.uk	DPxin0kMp2	94076
122	Tarah	Jessard	tjessard3d@hostgator.com	uVq8vPF0aGWN	80068
123	Desmund	McCluney	dmccluney3e@nifty.com	CufMki6s	55312
124	Skylar	Rugge	srugge3f@sitemeter.com	gI3SvK	208754
125	Shannon	Aizikovitz	saizikovitz3g@histats.com	OzriphLt	206068
126	Lurlene	Blodgetts	lblodgetts3h@diigo.com	ZNgpgySq	273030
127	Benedetta	Cescoti	bcescoti3i@hao123.com	dCEyAU4J	179326
128	Rosita	Delgadillo	rdelgadillo3j@feedburner.com	B71ApbBsEF9Z	62168
129	Manfred	Dalglish	mdalglish3k@cloudflare.com	BIjZo3fNHcN	109339
130	Adrian	McMillam	amcmillam3l@hud.gov	UNWs1fLD	61460
131	Earl	Boorman	eboorman3m@chicagotribune.com	TQaljS	205304
132	Filippo	Varden	fvarden3n@people.com.cn	Oa2B5tC	233091
133	Vassily	Maylard	vmaylard3o@deviantart.com	bjHS10	163940
134	Clarke	Hounsome	chounsome3p@statcounter.com	hOQg4yDlzwi	136619
135	Baird	Dudmarsh	bdudmarsh3q@altervista.org	2VHlTqY1	161216
136	Shaylah	Trynor	strynor3r@imdb.com	zVzQVpSiGS	65793
137	Zorah	Mincher	zmincher3s@sciencedaily.com	9AHay6s4Y	152149
138	Paxon	Morstatt	pmorstatt3t@ebay.co.uk	zaXXklvwA	93987
139	Roldan	Geake	rgeake3u@si.edu	tRHgooq6b	37877
140	Humberto	Schild	hschild3v@usnews.com	rBn5Df9zUl	181932
141	Kattie	Ranscome	kranscome3w@webs.com	7sakUPcELGb4	50447
142	Conroy	Lusted	clusted3x@ftc.gov	dWxPmru	87477
143	Orelie	Musgrave	omusgrave3y@quantcast.com	sahrzY	268958
144	Barbabra	Tukesby	btukesby3z@jalbum.net	BurSUN	112475
145	Brit	Fawlo	bfawlo40@posterous.com	F5JD53XKxXh	267642
146	Walden	Sex	wsex41@slate.com	iMjjO6LGn	255544
147	Waneta	Dureden	wdureden42@nyu.edu	mLkFkVD2vEGC	99319
148	Shelby	Jurek	sjurek43@cloudflare.com	kjhUP4qlZ	202468
149	Malanie	Bezant	mbezant44@nydailynews.com	VRYbcx	208535
150	Bil	Paver	bpaver45@eepurl.com	ykACLHI	169695
151	Boothe	MacKegg	bmackegg46@is.gd	BYVpf70CAJrR	291723
152	Retha	Griss	rgriss47@digg.com	Ly1t4Rst7Mg8	220710
153	Celinda	Flatley	cflatley48@senate.gov	gVX2XBlDfmgY	232792
154	Graeme	Macvey	gmacvey49@ovh.net	992IBoU	282300
155	Harley	Melsome	hmelsome4a@wikipedia.org	eWVa6IwPWR	27299
156	Drucy	Teck	dteck4b@mit.edu	jwORMRBnkPTQ	114833
157	Gib	Reiling	greiling4c@liveinternet.ru	ONyyUTX	298122
158	Rhea	Shapcott	rshapcott4d@goodreads.com	3ccL9k	286518
159	Cheryl	Bonnett	cbonnett4e@cbsnews.com	TftFPlCN	197885
160	Abra	Mawhinney	amawhinney4f@constantcontact.com	sViYyBtuuWV	27495
161	Trever	Baysting	tbaysting4g@yale.edu	SE9CXlhC	240725
162	Anna-diane	Skelhorn	askelhorn4h@army.mil	ONeB6BrIO	35624
163	Charmane	Rosie	crosie4i@youtube.com	R1ankcQC0	288726
164	Allyn	MacWilliam	amacwilliam4j@rediff.com	GZqd417q	116336
165	Zebulon	Wayon	zwayon4k@bizjournals.com	TMiKEibxuLt6	166262
166	Crawford	Burnhams	cburnhams4l@hp.com	n1ztJjlQu6K6	295059
167	Kay	Henrot	khenrot4m@csmonitor.com	7eViDMUs9	188629
168	Sashenka	Fenix	sfenix4n@goo.ne.jp	KPr0jT1ijGK	126360
169	Sharyl	Crossland	scrossland4o@techcrunch.com	IUjzCFCRm7Z	259469
170	Silas	Skinn	sskinn4p@zimbio.com	VEpGM15GVm2	72638
171	Willy	Nancekivell	wnancekivell4q@nyu.edu	VvrhDqs4	190377
172	Neil	Janisson	njanisson4r@mashable.com	0bRYMqRwt	31456
173	Matilde	Maddy	mmaddy4s@hatena.ne.jp	h6MgeKtIbaI	133355
174	Jeffy	Outhwaite	jouthwaite4t@topsy.com	YxXl7FuK4b	120685
175	Vaughan	Gimson	vgimson4u@weibo.com	SaZKf7	56722
176	Bond	Gaitskell	bgaitskell4v@oracle.com	E6tOqtL6q8oH	95265
177	Matt	Sinkin	msinkin4w@weebly.com	peOXxF	274357
178	Renault	Gossage	rgossage4x@boston.com	gcRqadEL	128164
179	Zsazsa	Goldstein	zgoldstein4y@slashdot.org	WTCMbYkKfa42	204338
180	Cyrille	Alman	calman4z@senate.gov	fyS0ZYU	92851
181	Brenna	Matveyev	bmatveyev50@gnu.org	qMFpvog	222644
182	Valentin	Crus	vcrus51@reference.com	NDn64s1j4Vd0	246413
183	Cherilyn	Print	cprint52@sciencedirect.com	GNgjMpO0qtj	97462
184	Deane	Threadgold	dthreadgold53@reuters.com	Nn95sr7	137639
185	Hyatt	De Bruijne	hdebruijne54@craigslist.org	QmRlgy	84028
186	Ardis	O'Rudden	aorudden55@npr.org	TX4hmM9cnapi	81958
187	Lukas	Fencott	lfencott56@networksolutions.com	o34fRfZgm	44422
188	Nixie	Givens	ngivens57@engadget.com	u3US6uzr4Z6D	142224
189	Tanney	Mackro	tmackro58@lycos.com	3zHm8w0SBt	126322
190	Ruperta	Hubach	rhubach59@sitemeter.com	GvKGgF	184348
191	Sibby	Lanfear	slanfear5a@printfriendly.com	Q0HCduGaa	251864
192	Elston	Cosbey	ecosbey5b@examiner.com	KBijLs	35545
193	Audrie	Pawley	apawley5c@techcrunch.com	9DqSxob	191904
194	Matias	Leall	mleall5d@bluehost.com	jVu5NboGZ	120558
195	Oralee	Simmig	osimmig5e@bizjournals.com	Yx2Ccf1xFVL	93363
196	Thorndike	Ayllett	tayllett5f@prnewswire.com	GhcdC5U	268621
197	Misha	Volonte	mvolonte5g@state.tx.us	XhFqrn1	30794
198	Isabel	Acomb	iacomb5h@wordpress.com	nUZwLjH	108713
199	Jamesy	Reiner	jreiner5i@dion.ne.jp	HdhBeEGqMq	83917
200	Loella	Mendus	lmendus5j@purevolume.com	u6nYaMwofqaf	139345
201	Meredeth	Mc Ilwrick	mmcilwrick5k@multiply.com	kqEg7H	186934
202	Sheilah	Celle	scelle5l@4shared.com	ArFqyBpUL	95174
203	Joela	Driussi	jdriussi5m@unicef.org	Abx9hK	251556
204	Raf	MacColl	rmaccoll5n@people.com.cn	w0JLH1w	205775
205	Dave	Tregien	dtregien5o@mozilla.org	Akuj0CZ	298638
206	Ignatius	Matussov	imatussov5p@amazon.co.jp	DOPFL5aL5	229715
207	Colet	Irons	cirons5q@wired.com	QkQGxUb	36042
208	Eryn	Piser	episer5r@boston.com	T3RFydacMLQi	110974
209	Othilia	Carpmile	ocarpmile5s@ebay.com	UMF7KHD1ERC	198847
210	Fonzie	Laden	fladen5t@exblog.jp	LkbeZfK	180561
211	Rina	Muro	rmuro5u@yandex.ru	doASYF88DJrs	71184
212	Leonie	Malden	lmalden5v@jugem.jp	rcXZQUe	172079
213	Carmelle	Caldayrou	ccaldayrou5w@nsw.gov.au	hWvnm8iVo	35888
214	Micah	Faich	mfaich5x@economist.com	swF9CUvY7MX	251490
215	Megen	Josefson	mjosefson5y@hostgator.com	4pRNKYqtpYDD	190316
216	Carolyn	Mogey	cmogey5z@examiner.com	AXR38LJ3	268816
217	Cobbie	Eisold	ceisold60@spotify.com	w8kURt	207351
218	Moll	Weavill	mweavill61@illinois.edu	tteYVuY	131511
219	Valaree	Papes	vpapes62@sciencedaily.com	r8cJiZTQphsg	154839
220	Lebbie	Mabbot	lmabbot63@unblog.fr	nxDuuC	123256
221	Iosep	Targe	itarge64@deviantart.com	XoqQML2DBYjy	227684
222	Dawna	Asey	dasey65@digg.com	277LVoohZEu	144234
223	Danice	Jikovsky	djikovsky66@intel.com	HTVK5RnN	220614
224	Mikel	Monckman	mmonckman67@sbwire.com	EVSiqVMtYJeT	56531
225	Culley	Drejer	cdrejer68@engadget.com	vhB3tj	211156
226	Lindsy	Ramel	lramel69@redcross.org	WxXWMIUJzH2J	265750
227	Rem	Czyz	rczyz6a@de.vu	S633M3Azt2	251108
228	Janeczka	Marchington	jmarchington6b@soundcloud.com	pWjyKhkxyGyN	58251
229	Mattie	Bacchus	mbacchus6c@sfgate.com	cgMLeZ	77530
230	Shane	Feehan	sfeehan6d@msn.com	aDWZk6	286394
231	Brennan	Scroggins	bscroggins6e@archive.org	XO9SvHnBnGFp	50969
232	Durward	Danit	ddanit6f@mac.com	8i8nyRUFmN2	183196
233	Godfry	Pugh	gpugh6g@icio.us	eIPBSk	283776
234	Perry	Blundell	pblundell6h@webeden.co.uk	5xuNgOLghqb	173341
235	Beryl	Palia	bpalia6i@ow.ly	i95pKFBg	57364
236	Raviv	Bleazard	rbleazard6j@simplemachines.org	R9AHl1W	299261
237	Aharon	Hickin	ahickin6k@time.com	Vvq4drkae4u	203125
238	Druci	Tomaskunas	dtomaskunas6l@nationalgeographic.com	yvQjd4uHf	207585
239	Temp	Aubray	taubray6m@springer.com	7AAGx1lNTs3r	278098
240	Casandra	Bredee	cbredee6n@sogou.com	kSu52AD	278938
241	Novelia	Bohden	nbohden6o@foxnews.com	7tO2j01VB3y	91894
242	Gert	Ceely	gceely6p@mashable.com	ECizJZaADaA	280321
243	Horatio	Zanettini	hzanettini6q@pcworld.com	H3LM3nVrw	169542
244	Ruddie	Janata	rjanata6r@privacy.gov.au	zdFoumEUv4	48769
245	Staford	Leyborne	sleyborne6s@soup.io	ZPeiV1q	225418
246	Hamid	McFadin	hmcfadin6t@icq.com	cavfCLophFZm	170094
247	Karee	Wehden	kwehden6u@arstechnica.com	kUPDh7	75391
248	Frederico	Veck	fveck6v@japanpost.jp	hqUNcLaiPaQD	29328
249	Estrellita	Krysztofowicz	ekrysztofowicz6w@github.com	bu8zwLhVc	257691
250	Diane-marie	Ivey	divey6x@amazonaws.com	1s55xze	65921
251	Merry	Farron	mfarron6y@reddit.com	kKQZOvVMmuw	113285
252	Wes	Belt	wbelt6z@parallels.com	rMbCRjX	220566
253	Wernher	Nimmo	wnimmo70@buzzfeed.com	Xc8KTj4	130781
254	Willette	Edling	wedling71@marketwatch.com	kuUDI1lB	180313
255	Merrile	Soanes	msoanes72@earthlink.net	f9oMfz5FQcFn	28984
256	Rona	Gilbanks	rgilbanks73@drupal.org	iwOhaUWsm	125225
257	Yance	Marrows	ymarrows74@timesonline.co.uk	vflOJD	132225
258	Myrwyn	Caslin	mcaslin75@liveinternet.ru	vokXS8X	247981
259	Zena	Morrott	zmorrott76@mayoclinic.com	UoWEUyJ2	193425
260	Glad	Barthram	gbarthram77@clickbank.net	LKH9NRJ6	81333
261	Ashli	Myhan	amyhan78@prlog.org	KDMWzs	211836
262	Eudora	Loads	eloads79@a8.net	si7PDv	233278
263	Ara	Astbury	aastbury7a@harvard.edu	tZIEosab6j	176876
264	Ky	Ethelstone	kethelstone7b@surveymonkey.com	EhwmCuF	164377
265	Caterina	Madelin	cmadelin7c@cloudflare.com	mCKIhRMTbRx2	192062
266	Arlee	Jzhakov	ajzhakov7d@baidu.com	ui5dYCLURMO	158700
267	Fitz	Aubery	faubery7e@dropbox.com	quP0j5Zv	26146
268	Clareta	Kydde	ckydde7f@deviantart.com	aPs9Ht	290704
269	Rodrique	Colombier	rcolombier7g@blinklist.com	jMHGQb9Wuc	224899
270	Richmound	Bollis	rbollis7h@thetimes.co.uk	cSvDvJqzC9O	171002
271	Basilius	Troctor	btroctor7i@reference.com	iC8sgInsT	250392
272	Meagan	Baile	mbaile7j@virginia.edu	s2T5RB	222807
273	Portie	Turtle	pturtle7k@trellian.com	T8P1fxd	133541
274	Seumas	Dodgshon	sdodgshon7l@taobao.com	Ep4ZlPJBBZ	286680
275	Alika	Soloway	asoloway7m@alexa.com	xQKiHxHsf	235161
276	Thia	Pirozzi	tpirozzi7n@tiny.cc	u9AkQh	188978
277	Prisca	Carradice	pcarradice7o@gnu.org	aB46xjuo7p	236278
278	Matty	Felten	mfelten7p@creativecommons.org	K3o4aTW0Tb	63947
279	Chaddy	Desseine	cdesseine7q@dyndns.org	eg7QI6F	121846
280	Merwyn	Roscher	mroscher7r@1und1.de	NYKljhg	75991
281	Opaline	Scarsbrook	oscarsbrook7s@dropbox.com	zhxOzYWF	218916
282	Iorgo	Cafferty	icafferty7t@archive.org	A0jbyF2hGll	261793
283	Kat	Torre	ktorre7u@behance.net	J43jLY6	212163
284	Berke	Walker	bwalker7v@vinaora.com	YdFx8OPC5p	250961
285	Billy	Sprason	bsprason7w@kickstarter.com	dJGxAM1OVk	186819
286	Khalil	Corlett	kcorlett7x@umich.edu	U8RbSx	205308
287	Benedick	Bissell	bbissell7y@elpais.com	zHgPqN0T	129072
288	Ambrosi	Iliffe	ailiffe7z@webeden.co.uk	oqmUOTaAYj	33806
289	Audi	Gossart	agossart80@discuz.net	vhtPZ20hWo	160083
290	Roslyn	Grinstead	rgrinstead81@addtoany.com	a2uVLKSSVa4T	34299
291	Toni	Gotliffe	tgotliffe82@sogou.com	SgRurDAT	42283
292	Jany	Fielden	jfielden83@mapquest.com	f3pGnz	216488
293	Royal	Brome	rbrome84@shareasale.com	B8gEVvsqvpn	145518
294	Laurens	Linnitt	llinnitt85@freewebs.com	cbnyEp	110822
295	Farley	Gherardini	fgherardini86@aol.com	7QPD4E	89932
296	Kelci	Stammler	kstammler87@alexa.com	KazZytPmr4	250045
297	Delmore	Barlee	dbarlee88@blinklist.com	YogdSUA	200016
298	Sibella	Westlake	swestlake89@1und1.de	TmkQNu	90786
299	Coop	Downton	cdownton8a@themeforest.net	TwQaaj	215186
300	Thibaut	Pardew	tpardew8b@amazonaws.com	97RrYaVk	263646
301	Leighton	Vickars	lvickars8c@tripod.com	Du0mVL	139874
302	Putnem	De Pietri	pdepietri8d@t-online.de	dhTR1D	282036
303	Vassily	Carabine	vcarabine8e@msn.com	nEGmUQQpTFM	108957
304	Corinne	Feavearyear	cfeavearyear8f@t-online.de	sXTPdR4O0E9C	87238
305	Evanne	Guidotti	eguidotti8g@aboutads.info	7cfoo41KREkK	68476
306	Cirstoforo	Deveril	cdeveril8h@geocities.jp	BErKja	134798
307	Gauthier	Le - Count	glecount8i@ebay.co.uk	49eAtY	181370
308	Nikos	Oven	noven8j@about.com	q4MxlvoK	118780
309	Kristy	McClaurie	kmcclaurie8k@discuz.net	kIF9aeCjf3	98094
310	Cara	Kopec	ckopec8l@ucoz.com	XYiBTKgfnq	284224
311	Gwennie	Littley	glittley8m@jiathis.com	VRbtHn	295178
312	Joachim	Chatten	jchatten8n@hibu.com	NJTCBT0o	281562
313	Lyell	O' Molan	lomolan8o@pagesperso-orange.fr	FoXYgMUjoF1	277931
314	Carolyn	Sevior	csevior8p@wikipedia.org	NBIt7CN7gTC	97505
315	Grazia	Meynell	gmeynell8q@wsj.com	UjfPr5	60360
316	Eldin	Joselson	ejoselson8r@intel.com	sPS1JW0vx	192056
317	Gleda	Silverthorn	gsilverthorn8s@oracle.com	zU7w1yCw5g	45131
318	Paige	Hardman	phardman8t@cisco.com	HULedkm4Ezys	44594
319	Tiffany	Morrid	tmorrid8u@blogspot.com	egPuRXhzrlM	197502
320	Cristin	Pinnington	cpinnington8v@biblegateway.com	q2nOyHmv7F	55523
321	Ashlie	Blanchette	ablanchette8w@dell.com	TmrRFS	245214
322	Glenn	Washbrook	gwashbrook8x@freewebs.com	HA4zu8OYy3	34667
323	Jacinda	Melbert	jmelbert8y@qq.com	Spf1Zo	229615
324	Ive	Sexstone	isexstone8z@google.com.hk	HdQMgoR9tO	269991
325	Sutton	Davys	sdavys90@tiny.cc	pvEI6BopXW0	167929
326	Caz	Adamolli	cadamolli91@sogou.com	mqI1chq3	270101
327	Ernie	Asling	easling92@quantcast.com	sOkKT2qjs76	49964
328	Aila	Parken	aparken93@dropbox.com	7mwRjKZ	37736
329	Jacinda	Moylan	jmoylan94@tripod.com	vGGj3b	195491
330	Lynnette	Backler	lbackler95@histats.com	3OkGbbTN1	241476
331	Malcolm	Moehler	mmoehler96@hud.gov	5zSC5z2J	46934
332	Carissa	Edgler	cedgler97@flavors.me	ITs8ruzOR7	211115
333	Beniamino	Gonnelly	bgonnelly98@edublogs.org	7ugUh7YBo	121005
334	Rianon	Semiraz	rsemiraz99@youtube.com	3pi9IzFiCzM	150511
335	Boy	Lugsdin	blugsdin9a@biblegateway.com	lQ6zPZx3qKL	48664
336	Luz	Lummis	llummis9b@unesco.org	9wBd70XRXoI	244871
337	Malory	Dictus	mdictus9c@bigcartel.com	5JobbIuGUT	218842
338	Emlen	Slaght	eslaght9d@goodreads.com	wKrble83yc5	66428
339	Quincy	Kenson	qkenson9e@cloudflare.com	ZkvTx8N4c	60479
340	Latrena	Pydcock	lpydcock9f@wsj.com	Od862y	59264
341	Frazer	Allcroft	fallcroft9g@google.de	pXCaWGLF	289393
342	Hervey	Trinkwon	htrinkwon9h@photobucket.com	q69RD8hFK0D	200052
343	Holden	Feary	hfeary9i@cbslocal.com	nXtmIs5TP	105671
344	Roselin	McRobert	rmcrobert9j@flickr.com	P1jSyekBWf0Y	32594
345	Neely	Inglese	ninglese9k@boston.com	vuNpWNREB	299275
346	Bobby	Gregore	bgregore9l@sciencedaily.com	GWk21z4M1uJk	86762
347	Lorelle	Retchford	lretchford9m@drupal.org	FBcEbAaxvv9	286294
348	Kameko	Cash	kcash9n@fotki.com	L8r8vjCHxF	46953
349	Aubrey	Scannell	ascannell9o@bravesites.com	oiYN2q6qK4Y	74468
350	Geri	Copson	gcopson9p@elegantthemes.com	3I78q4oH	114187
351	Jilly	Colvin	jcolvin9q@patch.com	uoxiXT3VD	219459
352	Lisette	Petlyura	lpetlyura9r@about.me	E5Nv7qo7c3C	188828
353	Uta	Gouck	ugouck9s@digg.com	3iiB9vxC	264637
354	Vale	Sherman	vsherman9t@ycombinator.com	EjNj0CY	46920
355	Regan	Seyffert	rseyffert9u@eepurl.com	LGGAgx	212523
356	Sheffield	Murch	smurch9v@nih.gov	1Hlc4EOX	255065
357	Ricoriki	Biss	rbiss9w@nasa.gov	OrnHfqylLMiY	287430
358	Maiga	Van den Broek	mvandenbroek9x@answers.com	hEMDNKza	249484
359	Mireielle	Meah	mmeah9y@upenn.edu	qRhr34ef4OoS	100114
360	Granger	Dust	gdust9z@webeden.co.uk	kVKy1HVGh	197211
361	Barris	Clissell	bclissella0@nba.com	YaGW8nyMxaYE	31698
362	Bourke	Duckworth	bduckwortha1@cisco.com	p80zjCK	82821
363	Caryl	Brennan	cbrennana2@zdnet.com	01LEc7sh	160193
364	Reynard	Roseman	rrosemana3@washington.edu	pc1l8N	35878
365	Modestia	Sweetman	msweetmana4@mit.edu	WOIAbqA	214422
366	Marlon	Caldeiro	mcaldeiroa5@wordpress.com	ktSxM0Xvcit	87338
367	Geraldine	Whillock	gwhillocka6@canalblog.com	Gx8aDdeFFn	54092
368	Avrit	Keeltagh	akeeltagha7@163.com	ZGldi4L2W	48889
369	Clovis	MacLachlan	cmaclachlana8@paypal.com	1T5KY2gLWR	261746
370	Bernelle	Cordelette	bcordelettea9@123-reg.co.uk	M0RFrM	112083
371	Henrik	Bern	hbernaa@nationalgeographic.com	83Z3GtPhMRGv	29415
372	Corina	Knutsen	cknutsenab@elegantthemes.com	m2MNlUYMBmb2	37479
373	Rey	Summerrell	rsummerrellac@mozilla.org	hGH2NWMhfz	156821
374	Fabiano	Keune	fkeunead@cnn.com	ZyHgnF6Iirl5	115468
375	Robena	de Pinna	rdepinnaae@wired.com	ABOC8i	28218
376	Guthrey	Nacci	gnacciaf@aboutads.info	0zZMVXOqL	215510
377	Kaiser	Seymour	kseymourag@geocities.jp	RZefRitY	122312
378	Agathe	Wingeatt	awingeattah@delicious.com	Ga5xMmflO	160892
379	Dorian	Rounsefull	drounsefullai@cloudflare.com	MUQuvRzmu	39122
380	Laurie	Leech	lleechaj@dailymotion.com	LeDwfi	206227
381	Newton	Baty	nbatyak@ebay.co.uk	hsSMpSrn7g	191518
382	Rickard	Caseri	rcaserial@fc2.com	TDlVNenROsM	264931
383	Karim	Gramer	kgrameram@domainmarket.com	0165BdqUq	151495
384	Josephina	Ghilks	jghilksan@wired.com	crNXMp8b	292907
385	Raynell	Blaney	rblaneyao@home.pl	7F3R28vq	104761
386	Kenna	Le Floch	kleflochap@soundcloud.com	MlJ0yKUbi	251235
387	Ring	Kobpa	rkobpaaq@walmart.com	5fgqRTpksJ	115002
388	Marlena	Greenin	mgreeninar@vimeo.com	Gh1tS9	122281
389	Demetrius	Blazi	dblazias@oaic.gov.au	nnLlJh102	157491
390	Georgette	Cockell	gcockellat@jiathis.com	FydzLXlWD	295263
391	Tuck	Lowen	tlowenau@japanpost.jp	1QjEQrJYI5sh	250538
392	Savina	Russi	srussiav@aol.com	5V1pJ8TSy8h	167574
393	Farlay	Kitchin	fkitchinaw@shutterfly.com	gU8UVNPHsJ8	93757
394	Lira	Moret	lmoretax@feedburner.com	pAWOkZd54fZX	198812
395	Brandice	Migheli	bmigheliay@fc2.com	icmZrJ	31035
396	Fitz	Nother	fnotheraz@deviantart.com	aBPbsSEh1HUS	76963
397	Anson	Sigart	asigartb0@ameblo.jp	Xkvb0qB8b	157598
398	Jdavie	Guly	jgulyb1@flickr.com	4KO8ZS5w0	204175
399	Alan	Guarin	aguarinb2@oakley.com	mcOqjZDE	53869
400	Daniele	Pakes	dpakesb3@bizjournals.com	acUeZPzM9	199100
401	Berry	Pendlington	bpendlingtonb4@microsoft.com	Y7mrxDd4IA3r	112336
402	Mikaela	Tippett	mtippettb5@ning.com	TiQkPneP	25478
403	Willow	Scutts	wscuttsb6@google.cn	cr7enFWXuKe	147939
404	Traver	McRavey	tmcraveyb7@ameblo.jp	c66eJyWw	96793
405	Aida	Couche	acoucheb8@cdc.gov	eAhxCI	145153
406	Jillene	Errol	jerrolb9@cloudflare.com	WP6SmLhuUVl	206146
407	Courtney	Quye	cquyeba@biglobe.ne.jp	bdP2xx	84033
408	Bordy	Leel	bleelbb@foxnews.com	UFE3ngf4M	93555
409	Ralph	McCrudden	rmccruddenbc@shutterfly.com	rO6PaiW	40818
410	Karen	Wrintmore	kwrintmorebd@fotki.com	XzjVsNDWc9	187905
411	Eolande	Licciardo	elicciardobe@naver.com	TxQIUWXVM	137330
412	Evaleen	Perrot	eperrotbf@ft.com	sU2PmzbbuyF	204297
413	Francklin	Dignon	fdignonbg@tinyurl.com	o2BXUZzif0	111246
414	Merle	Dyment	mdymentbh@macromedia.com	REPuyxMk6	184684
415	Elaine	Gruby	egrubybi@hatena.ne.jp	on6RE5Gv	241355
416	Currey	Aubery	cauberybj@archive.org	ax80H0	117766
417	Keen	Espada	kespadabk@ycombinator.com	0e8euMJI	121311
418	Ernie	Hellwig	ehellwigbl@mayoclinic.com	ia2hCk4kvo	176319
419	Gisele	Nelthorpe	gnelthorpebm@seesaa.net	piH2dOs8	42423
420	Hildy	Geach	hgeachbn@myspace.com	GMeD8W03qm	172208
421	Maryl	Gunney	mgunneybo@dot.gov	9t3PRIf2a3m	258538
422	Reece	Brient	rbrientbp@sohu.com	EXgGNkt08	85224
423	Sophie	Trudgian	strudgianbq@desdev.cn	9zAIDynW8E5d	30960
424	Thibaud	Staten	tstatenbr@unblog.fr	e4EjL0M	83673
425	Kristian	Hylton	khyltonbs@boston.com	e1qGmEhz6	218521
426	Katharina	Kleyn	kkleynbt@amazonaws.com	4nM6Qp18AJ	224155
427	Cathe	Moorton	cmoortonbu@wsj.com	bdvjqAm	190070
428	Kamilah	Prettejohns	kprettejohnsbv@virginia.edu	MOysDF	28511
429	Bertine	Roser	broserbw@nih.gov	ErzJPDsaRK7	154048
430	Nathan	Kruschov	nkruschovbx@oaic.gov.au	D3kr8NR	248111
431	Nick	Tumpane	ntumpaneby@dagondesign.com	XKT7PZl	293133
432	Cherlyn	Dummer	cdummerbz@etsy.com	4fo1ks	269329
433	Gerladina	Alpine	galpinec0@chicagotribune.com	Hbibkpti	210016
434	Tomas	Gillio	tgillioc1@flickr.com	AqeKgn	104430
435	Amory	Conrad	aconradc2@ocn.ne.jp	dsnfo1AtLWef	68513
436	Lynette	Benedetti	lbenedettic3@fema.gov	9KLOn2fFM	259563
437	Ashli	Bukac	abukacc4@go.com	uubacnS	122442
438	Jourdain	Wharin	jwharinc5@theglobeandmail.com	9vT5h3	69314
439	Nessie	Loveitt	nloveittc6@sphinn.com	mwgNSJpnJk	183691
440	Maddy	Nockells	mnockellsc7@deliciousdays.com	pCBrbeHEJEgq	118328
441	Dottie	Davion	ddavionc8@stumbleupon.com	OiDcQYYRoRce	97182
442	Donica	Sickamore	dsickamorec9@cornell.edu	zRyKa2bO	228507
443	Jeddy	Van der Kruys	jvanderkruysca@comsenz.com	v2oQGOmW6m	140429
444	Delaney	Bradden	dbraddencb@state.gov	9tx2IGFjmO	30720
445	Rowland	Speddin	rspeddincc@google.cn	bxoeEtOPsT2k	296233
446	Xylina	Risborough	xrisboroughcd@japanpost.jp	u74lIy45jZq	120350
447	Kalle	Fontes	kfontesce@bloglines.com	wyazvY67u	134786
448	Otis	Batsford	obatsfordcf@plala.or.jp	vnS4VJc	58968
449	Charyl	Boxer	cboxercg@elegantthemes.com	XD4UskJ	249786
450	Kelsy	Clapston	kclapstonch@craigslist.org	zWQB16NbY	53091
451	Marrissa	Evill	mevillci@angelfire.com	LO8Oox8uVIoO	93943
452	Carmelia	Allain	callaincj@bloomberg.com	HriW4Ugc	280494
453	Leontine	Mahoney	lmahoneyck@microsoft.com	4senoYk	139772
454	Leland	Sloey	lsloeycl@unicef.org	RQfE9npxrZv	150240
455	Saundra	Gutridge	sgutridgecm@businessinsider.com	0lwUm4um	269513
456	Donnie	Antonin	dantonincn@cnbc.com	gclQxft	117383
457	Doll	Fearon	dfearonco@businessinsider.com	fc73OFwT	176100
458	Keven	Cranson	kcransoncp@rambler.ru	jyriXyqef	201455
459	Rochette	Monckton	rmoncktoncq@princeton.edu	ztusW6DBeKeS	224969
460	Gherardo	Salasar	gsalasarcr@drupal.org	JLu4QrkBgVG	276669
461	Welbie	Giacomini	wgiacominics@feedburner.com	EyrZbfxa	227048
462	Patty	Gentil	pgentilct@shop-pro.jp	DyNts5tF	125750
463	Libbey	Ebdin	lebdincu@gizmodo.com	xTBepJ53y	161604
464	Nerty	Marin	nmarincv@miibeian.gov.cn	Ta0Zx6	169805
465	Binnie	Grzeszczak	bgrzeszczakcw@boston.com	BV3EFVLQqR	247522
466	Doyle	Lowcock	dlowcockcx@ovh.net	RZUsQo8u8	284653
467	Elwyn	Zanre	ezanrecy@shop-pro.jp	wRjSRVx	245222
468	Gaston	Fibbens	gfibbenscz@shareasale.com	NYaho5	192050
469	Selma	Wallbutton	swallbuttond0@netvibes.com	WluvIIelnh	82415
470	Allsun	de Leon	adeleond1@cnbc.com	ZvnbG91qXmmt	52157
471	Courtenay	Elwyn	celwynd2@netscape.com	ItU6zFNR	156839
472	Jessalyn	Jakubowski	jjakubowskid3@sina.com.cn	C40FDm	76852
473	Arden	Hammatt	ahammattd4@bbc.co.uk	vIxdydE	96617
474	Lydia	Postan	lpostand5@cocolog-nifty.com	kbXR93vFAF	180304
475	Leo	Towers	ltowersd6@foxnews.com	lglpn1MR	289781
476	Frederico	Mattevi	fmattevid7@hp.com	52tO2A	30869
477	Carolan	Simla	csimlad8@sina.com.cn	dAHXrkRR	184359
478	Lily	Dunkerley	ldunkerleyd9@w3.org	al0RftOD	172493
479	Cristen	Mazzilli	cmazzillida@unesco.org	6K6oylQAS	187695
480	Dacy	Garnsworth	dgarnsworthdb@census.gov	98CoEQn9VAP	102450
481	Ximenez	Pratten	xprattendc@dot.gov	bNi0WFJlb6f5	72331
482	Tybi	Dornin	tdornindd@theglobeandmail.com	soglAkl	250778
483	Natala	Milmore	nmilmorede@mit.edu	lbf5f5	28187
484	Cecile	Wykey	cwykeydf@last.fm	fJpSWk0k	127089
485	Christye	Ballance	cballancedg@4shared.com	eZc5j8nf	75911
486	Alvina	Kubelka	akubelkadh@networkadvertising.org	qFgX5Hpx	185984
487	Chastity	Devereux	cdevereuxdi@php.net	zwrYYXY	102934
488	Yoshi	Corley	ycorleydj@scientificamerican.com	gKXvX6mgcK	200705
489	Dell	Sydry	dsydrydk@xing.com	Ym9GuH	128597
490	Philippine	O'Towey	potoweydl@live.com	9fxO2oKxj	138546
491	Theodoric	Clixby	tclixbydm@canalblog.com	kyI1XE05qbQF	103056
492	Alanah	Roots	arootsdn@wikipedia.org	CGWaFcid	225844
493	Halsy	Nusche	hnuschedo@wsj.com	JF2yUtWp	167071
494	Madelena	Meckiff	mmeckiffdp@tamu.edu	ezucO00hCIC	49281
495	Joli	Dawltrey	jdawltreydq@senate.gov	KySa4B	85833
496	Gennifer	Brambley	gbrambleydr@ow.ly	MJF6jKGEVf	100391
497	Jose	Smurfitt	jsmurfittds@so-net.ne.jp	FFFr4ryYx	96677
498	Lyn	Burehill	lburehilldt@purevolume.com	kWJavKY	208043
499	Drucill	Totton	dtottondu@ebay.com	PjSvvF	188286
500	Salim	Doward	sdowarddv@parallels.com	py7o9Sb5	233692
501	Amye	Tesauro	atesaurodw@edublogs.org	JMF0qWI	161705
502	Lynda	Kertess	lkertessdx@independent.co.uk	9ubR9uS1avz	28386
503	Julie	Yakovlev	jyakovlevdy@bloglovin.com	QoB1c8nLSUt9	139800
504	Lucky	Nussii	lnussiidz@mac.com	yu1aOU3aV	121092
505	Dasie	Chubb	dchubbe0@squidoo.com	blrgZz9t	164893
506	Brietta	Embery	bemberye1@state.tx.us	GgSK9LW2d	97166
507	Dani	Arkwright	darkwrighte2@technorati.com	Hsh6sVW	167005
508	Clevey	Raittie	craittiee3@omniture.com	sCtCbACL	55418
509	Antoinette	Tirrell	atirrelle4@gov.uk	yk8QsRpN	98466
510	Hallsy	Sturte	hsturtee5@php.net	NewffL	284694
511	Petronilla	Thebeau	pthebeaue6@ucoz.ru	97rOUMx	105255
512	Modestine	Hand	mhande7@ameblo.jp	zggU8Y0NUl1	234279
513	Harmony	Wheelhouse	hwheelhousee8@alibaba.com	Rz7bGfq	162152
514	Rochette	Paur	rpaure9@qq.com	Te8jNYvucya	272650
515	Ulrika	Laws	ulawsea@twitpic.com	dKVw4pTbM	172158
516	Talia	O'Conor	toconoreb@delicious.com	nISGKcXUI	278383
517	Xerxes	Lapsley	xlapsleyec@tripadvisor.com	PsoVWYxRq	170411
518	Abran	Aymeric	aaymericed@wikia.com	WESHEhFOuCwX	220869
519	Isa	Vasyunkin	ivasyunkinee@cloudflare.com	hUMjDPhQh	39782
520	Trixi	Brownsett	tbrownsettef@bloglines.com	mv98IDJUoUj	53431
521	Theresa	Trevain	ttrevaineg@com.com	XDbnG4UBwm	87835
522	Tory	Gahagan	tgahaganeh@dot.gov	jKnN82sXd	225982
523	Ferd	Francombe	ffrancombeei@godaddy.com	Q8BZD0GshqW9	87631
524	Gal	Janew	gjanewej@bluehost.com	Dwh7Kv2O9ASF	65184
525	Allina	Ladson	aladsonek@blogger.com	uToCRNBv59bq	136348
526	Temple	Bagwell	tbagwellel@unc.edu	OEzeZ6qxvSg	271283
527	Imelda	Moir	imoirem@elpais.com	1JrPcQOQ	150268
528	Zak	Talton	ztaltonen@hud.gov	DkTq0t1	268342
529	Robbyn	Olle	rolleeo@microsoft.com	QBCtHG	228696
530	Maisey	Jollands	mjollandsep@samsung.com	11AvuiJ3Ht1	94371
531	Silas	Rankcom	srankcomeq@ocn.ne.jp	aJDieN	267515
532	Ag	Jacmard	ajacmarder@imdb.com	MC0Z6cCFi	67621
533	Rabbi	Breach	rbreaches@mediafire.com	2mzINgTz0	83731
534	Noellyn	Ealles	nealleset@squarespace.com	Fc87NPbUR1f	219395
535	Morgen	Swaddle	mswaddleeu@yelp.com	c4gsjPRT	40992
536	Lory	Crowch	lcrowchev@alibaba.com	FbfyZG4Eh	137466
537	Verine	Boustred	vboustredew@illinois.edu	x6Oi2Qgj	134646
538	Erina	Boulsher	eboulsherex@loc.gov	wIio8b1ox	50486
539	Annecorinne	Michie	amichieey@adobe.com	c5s6fthE	49257
540	Harlin	Walkley	hwalkleyez@google.de	v6rKdFAy	201134
541	Nikoletta	Wilce	nwilcef0@ehow.com	tDLwIC9mdV8	44599
542	Pete	Lough	ploughf1@delicious.com	W9JKQHZw	171171
543	Gabriellia	Belchamber	gbelchamberf2@china.com.cn	JeXnKTz8o	37823
544	Maxine	Normant	mnormantf3@rediff.com	v7HILZ5s	128723
545	Richart	Ciardo	rciardof4@over-blog.com	oqNKM1Re5	115444
546	Piotr	MacKibbon	pmackibbonf5@nytimes.com	ZFCN7fwJ	98336
547	Lorita	Falkous	lfalkousf6@slashdot.org	VpkUOO6geRYU	28010
548	Dulcia	Caneo	dcaneof7@dailymail.co.uk	6YC5mGuXn	88937
549	Ashia	Anslow	aanslowf8@pcworld.com	vKIlvPoySGC	257502
550	Elia	Cappleman	ecapplemanf9@cam.ac.uk	gczG1TaL0	171358
551	Deena	Rushworth	drushworthfa@timesonline.co.uk	lOtYCT	173041
552	Chan	Sumpton	csumptonfb@360.cn	KjkR1rPdR	208246
553	Rosabelle	Dominec	rdominecfc@skyrock.com	4NjTrKS	49686
554	Lurline	Stawell	lstawellfd@unc.edu	zBgSkVLnWK	180674
555	Shandee	Weinberg	sweinbergfe@amazon.de	HRospDm	48043
556	Pearce	Prier	pprierff@wsj.com	3cEjoczsyb	39017
557	Hewie	Nyland	hnylandfg@google.it	7y8RaYpthb	121165
558	Dominik	Haselgrove	dhaselgrovefh@cnbc.com	RtMFVrOgyik	33804
559	Karen	Nabbs	knabbsfi@ox.ac.uk	qk79WWL	155932
560	Blinny	Daens	bdaensfj@hp.com	rJcdBSDhbYF	146876
561	Hubey	Eastam	heastamfk@com.com	c9TvuPR	266125
562	Neall	Enston	nenstonfl@soup.io	gKjbYnecn	54681
563	Godwin	Hans	ghansfm@addtoany.com	1repyQwaGe	127751
564	Saxe	Lowes	slowesfn@narod.ru	fYTP6wdDfQ	58966
565	Roddy	Millin	rmillinfo@google.de	0nWEc8ZJSB	154404
566	Tedmund	Kochl	tkochlfp@deviantart.com	3edPGOU1wc	239903
567	Timothy	Tabary	ttabaryfq@ebay.co.uk	Wcv1XVy	217459
568	Margit	Emlin	memlinfr@cpanel.net	DkSDC7Ch2T	253452
569	Verla	Arnauduc	varnauducfs@bloglines.com	JIq9a9iMNMn	240003
570	Jacquelynn	Shakelade	jshakeladeft@nasa.gov	LPRe6KLy	211735
571	Electra	Fairholme	efairholmefu@biglobe.ne.jp	rVh328	183275
572	Augusto	Calender	acalenderfv@gov.uk	wcodQNUmlWbW	71293
573	Elli	Snook	esnookfw@netscape.com	UoKxOtS8N	124995
574	Shaughn	Megarry	smegarryfx@blinklist.com	KQlxA0Qs	187842
575	Tessy	Micallef	tmicalleffy@oracle.com	xURWDYYIdkWF	269031
576	Annissa	Jakoub	ajakoubfz@smugmug.com	dwGYBE	34352
577	Emelina	Montgomery	emontgomeryg0@illinois.edu	5aal8nXt	140512
578	Meagan	Robillard	mrobillardg1@china.com.cn	zSksDsauH	223665
579	Theodor	Evensden	tevensdeng2@nba.com	3NjF8xbW	209568
580	Cletus	Arnecke	carneckeg3@pen.io	Hz1NJQOqrq	292882
581	Rorie	Lemmer	rlemmerg4@usda.gov	W93keD	142985
582	Phillip	Matterface	pmatterfaceg5@istockphoto.com	OZFcOMgI	38772
583	Georgena	Felgat	gfelgatg6@shutterfly.com	CaFtUmCcyYd	295760
584	Aretha	Stelli	astellig7@t.co	5JQJnY9	70350
585	Pietra	Kennicott	pkennicottg8@narod.ru	8A5Q7YvZz2	76232
586	Kele	Buxcey	kbuxceyg9@shop-pro.jp	j5BL7Vv	136518
587	Bret	Kilborn	bkilbornga@facebook.com	JMnZY2	50971
588	Schuyler	Dutson	sdutsongb@xrea.com	3ciw8tZNPz	153749
589	Sophey	Kilmurry	skilmurrygc@webeden.co.uk	SYz6vYPoqYKk	104609
590	Jamison	Broader	jbroadergd@si.edu	XvGSheFzer	231781
591	Karlyn	Austick	kaustickge@wsj.com	Zy8pJzx	117968
592	Eliot	Pendreigh	ependreighgf@scientificamerican.com	SKdCHW1uDe	178534
593	Saree	Bickford	sbickfordgg@senate.gov	m2lZvv	56475
594	Dan	Loadsman	dloadsmangh@youku.com	eRbs2he	261642
595	Lemmie	Rowan	lrowangi@omniture.com	hT8769GqH	143320
596	Jamie	Reinard	jreinardgj@hugedomains.com	Fd353l	212463
597	Joshuah	Conyer	jconyergk@cafepress.com	Pfg0SpX	197302
598	Genna	Sains	gsainsgl@army.mil	D4fUeDz4l	33948
599	Dawna	Byne	dbynegm@delicious.com	spHHPQqfykME	206720
600	Lynda	Beaudry	lbeaudrygn@google.com.au	3Eba7goJIhA5	271574
601	Shelton	Birtonshaw	sbirtonshawgo@pcworld.com	nNhNhPmj	202390
602	Loise	Weerdenburg	lweerdenburggp@dell.com	y98zAlpO3B	48972
603	Walden	Daynter	wdayntergq@mail.ru	tIUIGV	148939
604	Melisse	Eggar	meggargr@biglobe.ne.jp	6wRRcxu5l	68305
605	Roanna	Mallindine	rmallindinegs@tinypic.com	9rHBEXa	161849
606	Liza	Brammall	lbrammallgt@ebay.com	TQFkRNaQob	247704
607	Rhodie	Cuseck	rcuseckgu@pen.io	EIAtlchLtZxw	119258
608	Mary	Faux	mfauxgv@upenn.edu	7O1XkNKhMtn	197153
609	Papageno	Gandy	pgandygw@addthis.com	HLRlCnAIZ	225910
610	Alvinia	Mooring	amooringgx@addtoany.com	H2Mf1Qb9kEB	86151
611	Marmaduke	McInerney	mmcinerneygy@behance.net	ZlR0DI9SI7d	180074
612	Rivi	Pennoni	rpennonigz@forbes.com	jPKvitYDR2z	294177
613	Kiley	Bahde	kbahdeh0@live.com	y9G41ua	263667
614	Chet	Biggerdike	cbiggerdikeh1@jimdo.com	6hXGOEpT8o	222087
615	Maryanna	Akister	makisterh2@fotki.com	czVYTZgZt	235874
616	Gabriela	MacGauhy	gmacgauhyh3@odnoklassniki.ru	z1LILB0fk	163373
617	Ev	Soro	esoroh4@xrea.com	HJwO4MPqgum	253138
618	Sigrid	McMaster	smcmasterh5@technorati.com	rRRWnzNyYsh	221862
619	Isaiah	Marien	imarienh6@delicious.com	tOwt6HWGhWTa	125786
620	Waly	Clougher	wclougherh7@bing.com	pmwE0hl4	48868
621	Sharon	Westmoreland	swestmorelandh8@vk.com	6Ptpio2Xu	110886
622	Griz	Haile	ghaileh9@wp.com	Ayvc8i6c3noO	45479
623	Brice	Bernardos	bbernardosha@msu.edu	GdlImKsbk	95842
624	Willow	Coatsworth	wcoatsworthhb@senate.gov	4LrerfwD	234218
625	Donelle	Isaacson	disaacsonhc@goo.ne.jp	nc7RW1q78t	246356
626	Donia	Harnell	dharnellhd@gmpg.org	Db9tFRQ	207674
627	Jayson	Domerq	jdomerqhe@opera.com	OJgBRV3RTwye	25432
628	Elfrida	Beet	ebeethf@toplist.cz	72irtrnpG	38123
629	Lorrie	Shrubb	lshrubbhg@weebly.com	qkAI8kUn	118194
630	Der	Dobbings	ddobbingshh@friendfeed.com	wp2vii	198368
631	Ariana	McGuirk	amcguirkhi@house.gov	AJdGk806j	57854
632	Magdaia	McShirie	mmcshiriehj@youtu.be	LhTCBb	76562
633	Delmore	Christofe	dchristofehk@nsw.gov.au	PMy2Q1g6	131452
634	Aveline	Kubin	akubinhl@nature.com	m8waEm9	220316
635	Alida	Scarbarrow	ascarbarrowhm@forbes.com	7eSurK19cCFJ	234865
636	Philly	Etuck	petuckhn@boston.com	MAFdhp	235018
637	Candra	Di Domenico	cdidomenicoho@chronoengine.com	WizMWJC3bszp	108499
638	Isabel	Mathewson	imathewsonhp@angelfire.com	StR4cGTB	154656
639	Hamel	Meadowcraft	hmeadowcrafthq@sourceforge.net	KuvehVl5	213939
640	Ardeen	Bolsteridge	abolsteridgehr@sun.com	qJcME3Ry	245454
641	Rogerio	Shaylor	rshaylorhs@hao123.com	3kbuU55	212111
642	Clara	MacKilroe	cmackilroeht@oaic.gov.au	GsVINKO	112679
643	Collie	Eisenberg	ceisenberghu@admin.ch	kuUivncqF	42247
644	Helsa	Spikings	hspikingshv@mac.com	FpPY8AoLj	233887
645	Dory	Fishbourn	dfishbournhw@ted.com	bYh9LYI	192234
646	Jeanie	Mitchelmore	jmitchelmorehx@list-manage.com	sEGR6Z2Fv	141602
647	Woodman	Ludlom	wludlomhy@addtoany.com	uCdd8bslpIo	252376
648	Friederike	Kither	fkitherhz@nature.com	9ZBXf5	246779
649	Dredi	Matskiv	dmatskivi0@google.it	oyctIN	107983
650	Drusi	Culligan	dculligani1@de.vu	aoiBl3a	88480
651	Syd	Orkney	sorkneyi2@yellowpages.com	OYFSOU	223870
652	Eal	Brothwell	ebrothwelli3@cdc.gov	7HK1zRKJa	291893
653	Leesa	Pinsent	lpinsenti4@imdb.com	pH55UUv3Wj	111649
654	Renee	Siddle	rsiddlei5@cnn.com	phD5iZ29	192204
655	Myrvyn	Shieldon	mshieldoni6@istockphoto.com	BoWyJMfpu	79306
656	Bertha	Lobe	blobei7@weather.com	liaPhgpWAv	143182
657	Yvette	Worsell	yworselli8@mayoclinic.com	qpLNyxA30YN	286677
658	Merissa	Willetts	mwillettsi9@imageshack.us	JTS1apeKfq	154994
659	Ekaterina	Vedyashkin	evedyashkinia@instagram.com	qWhkZWH	79875
660	Joe	Kipping	jkippingib@boston.com	g7438h3Ur2f1	215937
661	Felicity	Brankley	fbrankleyic@google.co.uk	j5aZCCad	60935
662	Reba	Karlolak	rkarlolakid@amazon.com	9zVG9L	215833
663	Shepard	Mapledoore	smapledooreie@ameblo.jp	YpNHMahAc	110748
664	Ignaz	Gribbin	igribbinif@washingtonpost.com	MQ88JYkiL	50851
665	Mord	Di Biagio	mdibiagioig@mtv.com	B5mD6ceRdRv	132896
666	Cosmo	Queenborough	cqueenboroughih@statcounter.com	YQMRpi	133418
667	Yovonnda	Kienlein	ykienleinii@kickstarter.com	FaWm6dQHAwpY	184216
668	Rhodie	Aymer	raymerij@epa.gov	HaU44t	47881
669	Audrie	Henworth	ahenworthik@icio.us	3fqkauJ4r	60291
670	Xena	Audritt	xaudrittil@uiuc.edu	QYes620sIKOs	242492
671	Kristo	Clayworth	kclayworthim@elpais.com	B4XG1985	122209
672	Mikol	Baxendale	mbaxendalein@chron.com	4wveoHiBP	48618
673	Shaylah	Bathow	sbathowio@unc.edu	yJsXaL	134897
674	Brett	Haycock	bhaycockip@friendfeed.com	7D1CjP14	90352
675	Israel	Pyford	ipyfordiq@miibeian.gov.cn	JdhFFFfR	250029
676	Ezri	Yurkevich	eyurkevichir@smh.com.au	2dwPQkpY34	40881
677	Nanny	Lelliott	nlelliottis@dmoz.org	0nLphD	34650
678	Maryl	Blaise	mblaiseit@chronoengine.com	xAdyMvB	196576
679	Alena	Jagiela	ajagielaiu@scientificamerican.com	eOoMtSWpEv	230734
680	Myranda	Thamelt	mthameltiv@prlog.org	U4CHPrc3ugTW	36056
681	Aveline	Slevin	asleviniw@instagram.com	EoyQMcOkMdz2	96900
682	Lancelot	Franz-Schoninger	lfranzschoningerix@intel.com	lCFP0fT	49914
683	Wolfie	Davidavidovics	wdavidavidovicsiy@dailymail.co.uk	PWDjF0vvi	275938
684	Bradney	Orans	boransiz@usa.gov	DL6lV1SYaSm4	146499
685	Odille	Tobin	otobinj0@hostgator.com	J4iGRY1dvc5U	216623
686	Balduin	Greiswood	bgreiswoodj1@cam.ac.uk	0Gacl2M	175367
687	Pippo	Lebbon	plebbonj2@bravesites.com	hT5ctRfgU	151169
688	Agnella	Kitching	akitchingj3@fotki.com	ORcFZu0	271864
689	Cristy	Tipple	ctipplej4@nifty.com	QLVEshVD	86395
690	Aindrea	Surgen	asurgenj5@tumblr.com	UXVWsFAm3	82248
691	Kacey	Scrange	kscrangej6@networksolutions.com	75GQVK0k	48796
692	Matias	Tottem	mtottemj7@barnesandnoble.com	vjdQdDD9bX	33925
693	Odey	Halewood	ohalewoodj8@elegantthemes.com	d2h8wr	181126
694	Hurley	Baccas	hbaccasj9@google.ca	jq1kprFY9	242458
695	Owen	Seywood	oseywoodja@privacy.gov.au	wJTNUeJ7	291678
696	Gannon	Kulas	gkulasjb@seesaa.net	AOodzM	245292
697	Geri	Renahan	grenahanjc@csmonitor.com	ssDauA0	169813
698	Ingeborg	Biesterfeld	ibiesterfeldjd@ftc.gov	AlKkFY7jf	48130
699	Thacher	Burdin	tburdinje@yandex.ru	Bw63qN	220117
700	Gwendolyn	Sheasby	gsheasbyjf@rediff.com	mvHe8dEL	299578
701	Phylis	Tesdale	ptesdalejg@domainmarket.com	ZkrkvN1Q	293449
702	Arluene	Hulkes	ahulkesjh@meetup.com	wwU1zQ4KLV	245398
703	Britte	Errol	berrolji@studiopress.com	UCnES7X	148954
704	Leandra	Yushkov	lyushkovjj@yelp.com	CrwJbvKXzpGO	293813
705	Karina	McCritchie	kmccritchiejk@rambler.ru	3YPKYXLv1XX	53028
706	Igor	Beausang	ibeausangjl@t.co	PwWqgM5b6	113195
707	Flora	Leebeter	fleebeterjm@aol.com	ou9D0CKTy	175096
708	Kiley	Gladyer	kgladyerjn@ucoz.ru	1uMlcTR3Vw8	28117
709	Brittaney	Spurge	bspurgejo@phpbb.com	0XyEFIqI9d	181817
710	Elisabeth	Ricardet	ericardetjp@baidu.com	pu33VYX	100007
711	Heriberto	Jackling	hjacklingjq@forbes.com	NPP0cKlC	118555
712	Nert	Romei	nromeijr@thetimes.co.uk	F0UtGY	25632
713	Lucienne	Yellowlees	lyellowleesjs@tumblr.com	mQjhMDbo9xBL	209552
714	Orelie	Saunderson	osaundersonjt@blog.com	xPvJnXVick	86062
715	Francisca	Repp	freppju@prweb.com	uMRP0y1PE4	156988
716	Josephine	Mardell	jmardelljv@auda.org.au	IK72Y3D	91148
717	Adara	Cutill	acutilljw@illinois.edu	52XELC	227206
718	Ganny	Panchen	gpanchenjx@webmd.com	3ZxBXC	290257
719	Sigismund	Probert	sprobertjy@hibu.com	B0AAlqB06aO	233520
720	Dane	Berrycloth	dberryclothjz@chron.com	QNsRfA	150095
721	Fayina	Brady	fbradyk0@cmu.edu	6XrDo91dn	122363
722	Larina	Costy	lcostyk1@fc2.com	q3bEROKZ7	251409
723	Westbrook	Kindall	wkindallk2@multiply.com	bm1G0NGbQksZ	247727
724	Kalindi	Verna	kvernak3@salon.com	wikulu5vi	133567
725	Ilsa	Levins	ilevinsk4@discovery.com	xakDyM	263411
726	Carmon	Grosvener	cgrosvenerk5@loc.gov	ji1sJ8wW16X5	36781
727	Ellsworth	Pheasant	epheasantk6@phoca.cz	M644L5TGGE	128949
728	Alberik	Sigward	asigwardk7@wufoo.com	MNq5Vo6o2	82579
729	Irving	Foy	ifoyk8@hibu.com	QwO77G5SFAbO	128943
730	Neel	Weagener	nweagenerk9@shutterfly.com	69obUN	166934
731	Georgia	Glassman	gglassmanka@webs.com	hAEg1t	170598
732	Gracie	Hambribe	ghambribekb@usgs.gov	eljPDRC8qe6J	198779
733	Morris	Askey	maskeykc@webeden.co.uk	ksiEJRk1wKi	142369
734	Tania	Zimmerman	tzimmermankd@networksolutions.com	YesrSxn0Yb	34445
735	Patty	Grigoliis	pgrigoliiske@hugedomains.com	widyQ4VAc8L	44604
736	Darsie	Thrussell	dthrussellkf@businessinsider.com	dkPSFAPNY	158265
737	Artie	Abbotts	aabbottskg@soup.io	p5qFsTFQDP	156414
738	Myrta	Trask	mtraskkh@about.me	Rhi8coh93	175170
739	Janos	Troop	jtroopki@typepad.com	R5K5sIUBRFU	213182
740	Sheelah	Durrant	sdurrantkj@businessinsider.com	TMDPAdFz	39605
741	Moll	Stenhouse	mstenhousekk@craigslist.org	pdP7nn	273272
742	Lianna	McCutcheon	lmccutcheonkl@360.cn	8AVvNcVHs9p	239727
743	Emlynn	Fogt	efogtkm@gnu.org	NeRK9s	267923
744	Felicia	Firmage	ffirmagekn@japanpost.jp	lFcVNXqxlVZ	27718
745	Clementia	Cassey	ccasseyko@so-net.ne.jp	Wu3xEvuZH	233093
746	Tremain	McBrier	tmcbrierkp@simplemachines.org	UJIuiet	197970
747	Austine	Blackhurst	ablackhurstkq@google.de	GOtbfdmkN2su	299743
748	Ronny	McCurry	rmccurrykr@statcounter.com	4PpLL5k3FJ79	166955
749	Emili	Mottinelli	emottinelliks@networkadvertising.org	o0pueM	175543
750	Alvina	Schettini	aschettinikt@technorati.com	Bq97zV	182012
751	Zoe	Derkes	zderkesku@nature.com	kVwupf	151999
752	Normand	Rankling	nranklingkv@51.la	eoyUUQmi	242456
753	Urban	Kondratyuk	ukondratyukkw@hp.com	2jKDY12Ow4Z	169871
754	Olly	Monk	omonkkx@loc.gov	kTzRHM2Zy	172918
755	Austin	Geratasch	agerataschky@photobucket.com	KehlGfRBnJT	64581
756	Danny	Bern	dbernkz@behance.net	aEcmW20iHzM7	198087
757	Julio	Trump	jtrumpl0@altervista.org	l33FleQ1Hyjz	85736
758	Sampson	Maharg	smahargl1@github.com	D2hH7326eD	176974
759	Mitzi	Goforth	mgoforthl2@devhub.com	ZYny6K	77635
760	Sascha	Vasyatkin	svasyatkinl3@icq.com	K1pmTxJpBC	167895
761	Devland	Oxenbury	doxenburyl4@craigslist.org	8079Rnmy9K	47653
762	Matty	Brumble	mbrumblel5@netlog.com	IMNkwdqrvp	172321
763	Emmy	Dumelow	edumelowl6@msu.edu	ZcIPfeTCN	64288
764	Bancroft	Feak	bfeakl7@slideshare.net	JApGgx6Q9hc	227066
765	Oates	McKeever	omckeeverl8@baidu.com	3jJzRn	67521
766	Valentina	Blenkiron	vblenkironl9@skype.com	bokr28wEYyw	124979
767	Hansiain	Clunie	hcluniela@exblog.jp	dOvTZ0yfCQw	157628
768	Mayne	Pester	mpesterlb@tuttocitta.it	DNYLSaKkd	246579
769	Eda	Edgell	eedgelllc@linkedin.com	kzYoutfxX	89687
770	Lawry	Alessandretti	lalessandrettild@sohu.com	KUTmokCjTWy	239617
771	Nikita	Pampling	npamplingle@census.gov	MSMPFJOCrx5X	26631
772	Findley	Melia	fmelialf@sourceforge.net	wN7OGC8m6L	91107
773	Reinwald	Becerro	rbecerrolg@smh.com.au	zePMoQRfqP6E	286783
774	Adriano	Birks	abirkslh@mlb.com	nImAyFX	144619
775	Ailsun	Breinl	abreinlli@google.de	arndPAN	121479
776	Katerine	Fillary	kfillarylj@ucsd.edu	2ZYclCCpTKR	47425
777	Bryana	Schwier	bschwierlk@freewebs.com	TykV9ogHN	241372
778	Ulick	Hanley	uhanleyll@simplemachines.org	6uShSTtv6yDF	262316
779	Coreen	Arens	carenslm@businessinsider.com	Opy7PwzMT	292372
780	Morley	Haveline	mhavelineln@ocn.ne.jp	fGyj5wEvPu46	29751
781	Binny	Sabatini	bsabatinilo@canalblog.com	T9A88Jojkpp6	70220
782	Dona	Ecclestone	decclestonelp@behance.net	1FpZqe	80211
783	Barbee	Petschelt	bpetscheltlq@devhub.com	coU9AdRs	98473
784	Vyky	Chawner	vchawnerlr@xrea.com	Prxdo2I	260980
785	Nathalie	Simenon	nsimenonls@yale.edu	gDHsQo	222994
786	Joane	Greetham	jgreethamlt@upenn.edu	zf51e8OR61	25446
787	Zolly	Ollis	zollislu@163.com	LPhXmj	256941
788	Tadeas	Chace	tchacelv@eepurl.com	k8njYBuwLvtg	50105
789	Marie-jeanne	Lawdham	mlawdhamlw@rambler.ru	Bkcb5z	193024
790	Edik	Buckbee	ebuckbeelx@parallels.com	OtQdxD	233294
791	Philippine	Daveley	pdaveleyly@cbslocal.com	K9Eir4cGdDw	179378
792	Jemmie	Gwilym	jgwilymlz@example.com	OZjfqx5WIrQs	55929
793	Berk	Biggs	bbiggsm0@discovery.com	h2ENlbcD	54137
794	Linnie	Digweed	ldigweedm1@google.ru	b7LrWi2	115409
795	Harlen	Firman	hfirmanm2@wunderground.com	pbbtfbSgxV	92663
796	Ferrell	Rowaszkiewicz	frowaszkiewiczm3@myspace.com	xxHdVhEK	124873
797	Kristoffer	Mager	kmagerm4@si.edu	rOQIBT8tCj	96729
798	Margot	Fish	mfishm5@ftc.gov	NNQEslciBFC	217604
799	Noelyn	Fowell	nfowellm6@drupal.org	wmmAawspFql	64760
800	Karlee	Jeens	kjeensm7@i2i.jp	WZTI0DHj	120797
801	Karla	Dominka	kdominkam8@scientificamerican.com	U4ZIH0Az1M	97238
802	Butch	Karpman	bkarpmanm9@sphinn.com	TlrVMKjyxoFi	225884
803	Sutherlan	Writer	swriterma@csmonitor.com	mzdAQGzWjN	174220
804	Leoline	Ride	lridemb@yahoo.co.jp	OYVykvEM	243027
805	Debera	Toby	dtobymc@bandcamp.com	PWUU6ijHsO	234113
806	Ricard	Girardy	rgirardymd@arstechnica.com	KHUwGFLBJx	71507
807	Prentiss	Deighton	pdeightonme@ycombinator.com	H0IXZPQRyMBi	154062
808	Freddie	Wroe	fwroemf@wp.com	ztun8Q5eqd	288653
809	Ludwig	Monaghan	lmonaghanmg@tripadvisor.com	SCmjSXJ	146701
810	Sander	Murden	smurdenmh@discovery.com	cMnD4qSRoWd	102641
811	Ashely	Heading	aheadingmi@sina.com.cn	vSP1kDVNZZFx	27660
812	Celie	Veal	cvealmj@artisteer.com	qkprNmg5y2	219402
813	Jillane	Glowinski	jglowinskimk@senate.gov	M6rOniyNz3Mw	210305
814	Iggy	Croxley	icroxleyml@comsenz.com	G4Z079uKG4C	194569
815	Jillana	Ciciari	jciciarimm@devhub.com	hDKP0MP	42894
816	Isidoro	Hardaker	ihardakermn@miitbeian.gov.cn	y84nJxrQhLJ	264807
817	Isac	Riach	iriachmo@elpais.com	PAhI55Qe9xIJ	286637
818	Douglass	Kobisch	dkobischmp@paginegialle.it	VG3OfVX	154290
819	Bili	Littrell	blittrellmq@constantcontact.com	kGPqErTzebjw	251312
820	Lani	Siddell	lsiddellmr@is.gd	iD3631	71922
821	Riccardo	Abley	rableyms@illinois.edu	3gTTCP	190989
822	Dukie	Rowlings	drowlingsmt@delicious.com	LIvHaVwuc	231652
823	Dulsea	Cutbush	dcutbushmu@huffingtonpost.com	v82lLJG0vRL	102046
824	Dorella	Busst	dbusstmv@t-online.de	kw6vbsdKx4Kd	115013
825	Lawrence	Goulborn	lgoulbornmw@netscape.com	Ee8rqnZlvx	150874
826	Haven	Flower	hflowermx@t-online.de	yB42fV	213724
827	Lavinia	Brockest	lbrockestmy@wiley.com	qF3DkN4wMBaC	29087
828	Elihu	Gilberthorpe	egilberthorpemz@theatlantic.com	AvQTIw	171897
829	Patrice	Dressel	pdresseln0@ebay.com	1VBZp0	29048
830	Shanie	McHan	smchann1@slashdot.org	EUc6Y8foax4	49187
831	Olvan	Lowater	olowatern2@salon.com	wU7DTGQ5oZ	282861
832	Beatrix	Musterd	bmusterdn3@wikia.com	VRv51V28	69166
833	Gunter	Darlow	gdarlown4@springer.com	OI3iF3	287002
834	Karlan	Charke	kcharken5@google.it	4UlgWxlfd	171911
835	Nerte	Merrington	nmerringtonn6@microsoft.com	xKUgQw	266903
836	Evita	Shasnan	eshasnann7@msu.edu	OhV8xGi	275638
837	Zena	Sturte	zsturten8@constantcontact.com	6BnSMn7zd3Q	188470
838	Grier	Adamowicz	gadamowiczn9@cloudflare.com	O19vHMV	174584
839	Chad	Dani	cdanina@blogspot.com	HFBglmp	51246
840	Salvidor	Blanc	sblancnb@devhub.com	BcEz917rbF	122857
841	Max	Jeffress	mjeffressnc@state.gov	1PSkxdaqrC	271924
842	Winni	Goacher	wgoachernd@ftc.gov	kGrEwg2nlt	42671
843	Heida	Vivian	hvivianne@yandex.ru	lBGjX1L	268594
844	Yul	Easton	yeastonnf@arstechnica.com	6P9hUDJL1	275069
845	Leeanne	Vispo	lvispong@amazon.com	1YRpd3IArP	75639
846	Georgeanne	Fredy	gfredynh@google.pl	NfpyRU	87137
847	Sianna	Chessun	schessunni@liveinternet.ru	FzljGWG5	67869
848	Catlin	Kealy	ckealynj@chronoengine.com	0WB96EzQa	105814
849	Brian	Closs	bclossnk@cafepress.com	aTIwjYxLvKM	287430
850	Francesca	Bradnocke	fbradnockenl@hubpages.com	hkGWKPZN7xH	211302
851	Melamie	Marston	mmarstonnm@1688.com	RvwOhZp8	251074
852	Hernando	Gaudin	hgaudinnn@taobao.com	gfRnQh	106464
853	Joel	Worswick	jworswickno@webmd.com	0cqBBBoekxWP	103729
854	Rozelle	Korneichik	rkorneichiknp@nytimes.com	tgThxh	206823
855	Cori	Davoren	cdavorennq@scribd.com	MAmXGHSQy	32020
856	Ferdy	Jillitt	fjillittnr@pen.io	XLi5Wg	85402
857	Lona	Woodruffe	lwoodruffens@jimdo.com	NjCv6lQFijU	49650
858	Kathye	Scarisbrick	kscarisbricknt@reference.com	hR2gaE	53901
859	Kristo	Elward	kelwardnu@edublogs.org	Dw3Gx1QgI	254582
860	Liliane	Giacobbo	lgiacobbonv@issuu.com	Jygomty	193884
861	Rolf	Canti	rcantinw@moonfruit.com	mEtTsR	117560
862	Alyson	Blaase	ablaasenx@histats.com	xYmGSQ	30540
863	Bibby	Hunt	bhuntny@google.com.hk	wChELcQUbV	180420
864	Raychel	Waberer	rwaberernz@hostgator.com	B5ixPK	93911
865	Shurlocke	Drynan	sdrynano0@ustream.tv	hel3CNCh0H	105160
866	Ripley	Bolstridge	rbolstridgeo1@vistaprint.com	wPTVOqOj5X	122541
867	Lutero	Yuranovev	lyuranovevo2@mashable.com	A6ucV2	201246
868	Nancee	Serjent	nserjento3@google.co.uk	xj9Udt6Ti	51076
869	Alva	Betjeman	abetjemano4@hexun.com	hNOjetm8YHPt	278834
870	Arabela	Maynard	amaynardo5@hexun.com	JarDJT1oJG7	110686
871	Margaret	Greensides	mgreensideso6@engadget.com	knwhmKYVbN	237350
872	Minnaminnie	Petruszka	mpetruszkao7@nbcnews.com	D3r02CzB	60012
873	Lianna	Baelde	lbaeldeo8@ihg.com	lqmtTi	213622
874	Vidovic	Rosenau	vrosenauo9@nyu.edu	1Z0t7M6jX	265531
875	Greg	Leggitt	gleggittoa@yellowpages.com	ByctkLuu	64818
876	Hilly	Brierly	hbrierlyob@skype.com	L70otG7PMY	79826
877	Homerus	Abrahamsen	habrahamsenoc@elpais.com	YKKPHiVwFm	153322
878	Alie	Crump	acrumpod@adobe.com	xJOmQh	209058
879	Cleopatra	Chettle	cchettleoe@statcounter.com	j4dwIhQ2P	78323
880	Tabor	Betjeman	tbetjemanof@oracle.com	bAecS6uL	30836
881	Linc	Goldingay	lgoldingayog@google.nl	BLMRtfBRo	209613
882	Joice	Bilyard	jbilyardoh@slate.com	t1NPV2UyDCLO	288118
883	Pippy	Mannix	pmannixoi@nyu.edu	Ng92M839	271641
884	Althea	Shrive	ashriveoj@ucsd.edu	7VlJx57A	160778
885	Obadiah	Lodwick	olodwickok@cornell.edu	TF50pyo4pkh	159831
886	Netta	Cumberbatch	ncumberbatchol@cisco.com	YnIKWThoN	39760
887	Dalila	Biesty	dbiestyom@aol.com	0CBD26DqNbyw	262686
888	Link	Mason	lmasonon@comsenz.com	cd5s3hN6B7O	293109
889	Missie	Code	mcodeoo@webnode.com	HDRNCXehg3	149865
890	Sean	Tummons	stummonsop@mlb.com	raeCSk9q	239926
891	Rad	Mulrenan	rmulrenanoq@artisteer.com	W8ReMxciIo5	46467
892	Kerry	Schwieso	kschwiesoor@altervista.org	P0G9xvi0dO0	25921
893	Josephine	Balogun	jbalogunos@marketwatch.com	GE8Y0FRLN3	76610
894	Madonna	Banton	mbantonot@quantcast.com	5v2p4VPm6X7	262179
895	Phaedra	Kenningham	pkenninghamou@soup.io	D2p2G6bjdf	26756
896	Arlyne	Sackur	asackurov@unc.edu	vzhUqd53Sid	193959
897	Letitia	Jerome	ljeromeow@microsoft.com	EtRHuVkvJ	251058
898	Nicky	Cullagh	ncullaghox@eepurl.com	yZh2OzvgU10	114940
899	Emlen	Savill	esavilloy@google.ca	P6Gd0KFf	288356
900	Renault	Guilayn	rguilaynoz@arstechnica.com	aneTum5EZ	35593
901	Lebbie	Slocombe	lslocombep0@lycos.com	PUz6mkzLuE	244899
902	Cindelyn	Jepson	cjepsonp1@examiner.com	v1nD4ElQTZ	56995
903	Kylynn	Casiero	kcasierop2@zdnet.com	o7JIQ1tPb7Xc	133770
904	Bria	Bowbrick	bbowbrickp3@bluehost.com	lXYNF3	47180
905	Dex	Guiett	dguiettp4@guardian.co.uk	MM2UEfTXYXA	185211
906	Pippo	Arminger	parmingerp5@ow.ly	wArlkdd	222726
907	Leann	Targetter	ltargetterp6@webs.com	x43f5Qa1pYo	110537
908	Alaster	Beecroft	abeecroftp7@pbs.org	RPZntg	70574
909	Caressa	Vogeller	cvogellerp8@alexa.com	WPtXxbnDJ4	218259
910	Dacey	Nunns	dnunnsp9@narod.ru	OPpQjo	126927
911	Cecily	Jorissen	cjorissenpa@fc2.com	gAgYc9	100654
912	Haven	Lowey	hloweypb@state.tx.us	Wqk6qHR	33483
913	Keelby	Fiddyment	kfiddymentpc@delicious.com	zKVrdg12	85020
914	Nels	Cuffe	ncuffepd@instagram.com	W3ffzbvka	120331
915	Bernadette	Kneafsey	bkneafseype@bravesites.com	NXFCymw1Jd	140780
916	Julianne	Bazley	jbazleypf@springer.com	ZGFS9cOU	102952
917	Cosette	Saker	csakerpg@ebay.com	2ISTEsRmHQ	167876
918	Isahella	Broady	ibroadyph@mlb.com	iNlKL6OYTbF	30726
919	Duncan	Leatt	dleattpi@yellowbook.com	ZMxuQewaH	195234
920	Di	Morley	dmorleypj@cdbaby.com	iXzEucx0	125599
921	Reginauld	Dunkersley	rdunkersleypk@army.mil	04PVdLP7K	185066
922	Kellina	D'eath	kdeathpl@ifeng.com	2Pdf2GdTBR1	101067
923	Lucais	Brim	lbrimpm@businessweek.com	3Tvd8m3Ddyxl	134339
924	Penny	Vaudre	pvaudrepn@quantcast.com	GItK1J9	108088
925	Alix	Galia	agaliapo@opensource.org	Dpzjo7dn8J	168985
926	Darnall	Johnston	djohnstonpp@ted.com	GPJrn0BsZz	299260
927	Margette	Karoly	mkarolypq@utexas.edu	xr7B8LnXf	182246
928	Itch	Speares	ispearespr@va.gov	uw1FXy	127790
929	Amory	Bernardelli	abernardellips@naver.com	qWrCgTE	143951
930	Gabbie	Quirk	gquirkpt@cisco.com	95cjQPd	61928
931	Jone	Keenlayside	jkeenlaysidepu@paginegialle.it	sIl391	256535
932	Hershel	Handlin	hhandlinpv@deviantart.com	nj7QB1iYm	43405
933	Tildi	Witton	twittonpw@cocolog-nifty.com	EqNGvT	271201
934	Emmi	Cambling	ecamblingpx@reverbnation.com	xtbqrrOE3c	207559
935	Greta	Andreasson	gandreassonpy@typepad.com	cM7a7LLubVie	60034
936	Rossy	Furtado	rfurtadopz@cbslocal.com	aGd952t	118364
937	Jocko	Reinger	jreingerq0@dailymail.co.uk	A8AaNqrI5Y	28832
938	Spence	Vinnick	svinnickq1@aol.com	tYFivay	192711
939	Consuelo	Rendle	crendleq2@patch.com	yOc6YDm	77042
940	Claude	Kilner	ckilnerq3@nps.gov	fUN6Ns9q2Qd	126844
941	Zilvia	Boots	zbootsq4@stumbleupon.com	TSQH1daCzI6	109896
942	Evelyn	Yeoman	eyeomanq5@google.co.jp	Zs3XVVnTs	76819
943	Elena	Fulop	efulopq6@usda.gov	A8vRlsZ	143150
944	Ailsun	Dedham	adedhamq7@linkedin.com	EVkTG3NfV7O	110761
945	Sidonia	Tschierasche	stschierascheq8@forbes.com	ORnTIFmxyKa8	198489
946	Kirk	Arblaster	karblasterq9@google.it	t9o4yAb	162958
947	Putnem	Paton	ppatonqa@time.com	JbaTH3jhheG	103712
948	Roxana	Witherop	rwitheropqb@360.cn	tk9pqazqWp	144994
949	Alyss	Colrein	acolreinqc@businessinsider.com	s2UJvsB4Fe	40367
950	Linzy	Pandie	lpandieqd@oaic.gov.au	TEu1mD	37308
951	Padraig	Dinzey	pdinzeyqe@tmall.com	OFi08H6x0NJU	163204
952	Myron	Teodoro	mteodoroqf@linkedin.com	bKmQbu	64397
953	Linette	Bosence	lbosenceqg@bbc.co.uk	0VmYwfAEbY1V	100970
954	Rog	Gretton	rgrettonqh@dagondesign.com	c0jkDG	25964
955	Lianna	Crack	lcrackqi@stanford.edu	QO1DRXI	232685
956	Rosana	Dabernott	rdabernottqj@ted.com	ENVdskMYONGG	131838
957	Lezley	Butten	lbuttenqk@ifeng.com	sGIkxlc	218085
958	Ephrem	Flawn	eflawnql@examiner.com	3XtEhw	218003
959	Arlee	Barniss	abarnissqm@ovh.net	1LIMPL6anNd	197725
960	Ede	Copello	ecopelloqn@blogspot.com	e3e2TU	217581
961	Tanny	Klimentyev	tklimentyevqo@noaa.gov	6m6bGl87LgW	275599
962	Myrlene	Chaffin	mchaffinqp@chronoengine.com	CpIshrPKAp	50255
963	Antonie	Procter	aprocterqq@yolasite.com	mFeYNvAGvA	45889
964	Armando	Lattie	alattieqr@prweb.com	RLzoihW	166775
965	Madel	Bass	mbassqs@wsj.com	swmFlFbdZiZ	248863
966	Ted	Boullen	tboullenqt@gmpg.org	25UQZCdXbM9	252916
967	Matthus	Ryal	mryalqu@bluehost.com	E5XooJaUt	66362
968	Julia	Loveitt	jloveittqv@exblog.jp	erer6DTA	60830
969	Binny	Titchener	btitchenerqw@java.com	OnAsGb3KZJmH	233602
970	Kimberlee	Kermannes	kkermannesqx@geocities.com	8STlqRO	153414
971	Marisa	Marzella	mmarzellaqy@simplemachines.org	mBRT0cQ4	227674
972	Bernadina	Pugsley	bpugsleyqz@ycombinator.com	CKaMtfToJUq	67220
973	Donica	Teare	dtearer0@tuttocitta.it	vdELnTVIH	251024
974	Letti	Scroggie	lscroggier1@constantcontact.com	QyL35JBEKR	276083
975	Jarvis	Reay	jreayr2@webnode.com	5qbVHi	186420
976	Vonnie	Birdsey	vbirdseyr3@digg.com	tmEgfwfapjI4	277024
977	Joleen	Yablsley	jyablsleyr4@microsoft.com	V6kv12RQm	109797
978	Jewel	Wordsley	jwordsleyr5@furl.net	97DthO	68467
979	Cirillo	Hamsley	chamsleyr6@usa.gov	ySztAtAFBVWQ	89629
980	Roderigo	Thorby	rthorbyr7@wikia.com	wney02bWHOSf	87110
981	Ermin	Tunnow	etunnowr8@guardian.co.uk	wNG4hu05sl	248204
982	Hewe	Canet	hcanetr9@istockphoto.com	7wXZYD	207455
983	Donn	McKennan	dmckennanra@de.vu	JhN2qyz	247413
984	Darby	Knowller	dknowllerrb@home.pl	PxsBkFCMNt	52913
985	Eal	Gotts	egottsrc@examiner.com	6VvKUWyvJ	94289
986	Trista	Blurton	tblurtonrd@wikimedia.org	sQGtrijT4VQT	197254
987	Cody	MacGinlay	cmacginlayre@xrea.com	3bOkLnfG	163599
988	Tamarra	Garnham	tgarnhamrf@admin.ch	i9gob5hi1R	66456
989	Frieda	Hulks	fhulksrg@mashable.com	DW93IzdYN7Oy	258165
990	Jemima	Sergant	jsergantrh@dropbox.com	ekbdgK	196653
991	Lorain	Lattey	llatteyri@hc360.com	byregv	221246
992	Eula	Nowaczyk	enowaczykrj@freewebs.com	XkQS9xHQ	41470
993	Jecho	Massot	jmassotrk@psu.edu	Dk7VZfEJE	41290
994	Winni	Berndtsson	wberndtssonrl@unicef.org	NIaxJsUR	147339
995	Traver	Maskew	tmaskewrm@canalblog.com	wPNhA1ob	293616
996	Waverly	Stainton - Skinn	wstaintonskinnrn@elegantthemes.com	w9T4Qi	161248
997	Noel	Fotherby	nfotherbyro@newsvine.com	BMPBQ7A71X	223716
998	Ivar	Rantoul	irantoulrp@goodreads.com	4bnrzyOL4C	36506
999	Amelia	Risen	arisenrq@free.fr	WnI4QEvCu5zZ	246889
1000	Augie	Szymanek	aszymanekrr@jalbum.net	0kW1qgtxEG	275607
